{
  "collection": "tracking_v1",
  "duration": {
    "min": 0.0,
    "max": 20.03900146484375,
    "avg": 0.40395302959475515,
    "stdev": 1.6224779260659314
  },
  "x_traveled": {
    "min": 0.0,
    "max": 2774.3070373535156,
    "avg": 50.41735765323091,
    "stdev": 183.48792521992578
  },
  "y_traveled": {
    "min": 0.0,
    "max": 316.0296630859375,
    "avg": 2.222424707650769,
    "stdev": 13.116092269390812
  },
  "max_vx": {
    "min": -11166.218360580771,
    "max": 20442.017033733246,
    "avg": 182.18524872486694,
    "stdev": 1190.3961131770016
  },
  "min_vx": {
    "min": -16916.85048010974,
    "max": 11912.033151381784,
    "avg": -160.10055876972763,
    "stdev": 1206.4134069063825
  },
  "max_vy": {
    "min": -8253.790304139035,
    "max": 8530.899622727793,
    "avg": 10.546619918480342,
    "stdev": 583.868171880662
  },
  "min_vy": {
    "min": -8253.790304139035,
    "max": 8530.899622727793,
    "avg": -20.70786098448663,
    "stdev": 582.3959222692126
  },
  "max_ax": {
    "min": -383993.17316906864,
    "max": 922472.6831622785,
    "avg": 12707.67829107151,
    "stdev": 52076.87177680042
  },
  "min_ax": {
    "min": -865553.1733606982,
    "max": 150888.01288814383,
    "avg": -11229.627031703292,
    "stdev": 35532.03537651393
  }
}